{"data_time": 0.007223376499950973, "eta_seconds": 1237.7670702200612, "fast_rcnn/cls_accuracy": 0.015625, "fast_rcnn/false_negative": 0.0, "fast_rcnn/fg_cls_accuracy": 0.09878048780487805, "iteration": 19, "loss_box_reg": 0.23031441122293472, "loss_cls": 2.743009924888611, "loss_mask": 0.6923629939556122, "loss_rpn_cls": 0.7000407576560974, "loss_rpn_loc": 0.09802516922354698, "lr": 2.9971499999999998e-06, "mask_rcnn/accuracy": 0.5323686989627756, "mask_rcnn/false_negative": 0.46397944483033626, "mask_rcnn/false_positive": 0.4632423312123523, "roi_head/num_bg_samples": 112.0, "roi_head/num_fg_samples": 16.0, "rpn/num_neg_anchors": 219.75, "rpn/num_pos_anchors": 36.25, "time": 0.8363291015000414, "total_loss": 4.453817967325449}
{"data_time": 0.00671728800011806, "eta_seconds": 1235.5823904099861, "fast_rcnn/cls_accuracy": 0.33203125, "fast_rcnn/false_negative": 0.25, "fast_rcnn/fg_cls_accuracy": 0.05555555555555555, "iteration": 39, "loss_box_reg": 0.22963399440050125, "loss_cls": 2.0467711687088013, "loss_mask": 0.6921669244766235, "loss_rpn_cls": 0.6990064680576324, "loss_rpn_loc": 0.09734354168176651, "lr": 5.994149999999999e-06, "mask_rcnn/accuracy": 0.5317237609329446, "mask_rcnn/false_negative": 0.45956026087413315, "mask_rcnn/false_positive": 0.48119399125296425, "roi_head/num_bg_samples": 112.25, "roi_head/num_fg_samples": 15.75, "rpn/num_neg_anchors": 218.75, "rpn/num_pos_anchors": 37.25, "time": 0.857054823999988, "total_loss": 3.8174523524940014}
{"data_time": 0.006683100999907765, "eta_seconds": 1205.993505600054, "fast_rcnn/cls_accuracy": 0.876953125, "fast_rcnn/false_negative": 1.0, "fast_rcnn/fg_cls_accuracy": 0.0, "iteration": 59, "loss_box_reg": 0.21772586554288864, "loss_cls": 0.9941078722476959, "loss_mask": 0.6916919946670532, "loss_rpn_cls": 0.6931312084197998, "loss_rpn_loc": 0.09706767275929451, "lr": 8.991149999999998e-06, "mask_rcnn/accuracy": 0.5464106779245832, "mask_rcnn/false_negative": 0.4155654611113015, "mask_rcnn/false_positive": 0.5031038103487225, "roi_head/num_bg_samples": 112.75, "roi_head/num_fg_samples": 15.25, "rpn/num_neg_anchors": 219.5, "rpn/num_pos_anchors": 36.5, "time": 0.8362048989999948, "total_loss": 2.781485754996538}
{"data_time": 0.006167513000036706, "eta_seconds": 1189.2435958000533, "fast_rcnn/cls_accuracy": 0.865234375, "fast_rcnn/false_negative": 1.0, "fast_rcnn/fg_cls_accuracy": 0.0, "iteration": 79, "loss_box_reg": 0.2600753605365753, "loss_cls": 0.6602390110492706, "loss_mask": 0.6909932494163513, "loss_rpn_cls": 0.6880998313426971, "loss_rpn_loc": 0.09758841618895531, "lr": 1.198815e-05, "mask_rcnn/accuracy": 0.5566667955060812, "mask_rcnn/false_negative": 0.33265959460789873, "mask_rcnn/false_positive": 0.561251996651444, "roi_head/num_bg_samples": 110.75, "roi_head/num_fg_samples": 17.25, "rpn/num_neg_anchors": 220.0, "rpn/num_pos_anchors": 36.0, "time": 0.8411982285001613, "total_loss": 2.395598366856575}
{"data_time": 0.006464002000029723, "fast_rcnn/cls_accuracy": 0.86328125, "fast_rcnn/false_negative": 1.0, "fast_rcnn/fg_cls_accuracy": 0.0, "iteration": 97, "loss_box_reg": 0.2846098244190216, "loss_cls": 0.6612024903297424, "loss_mask": 0.6908919811248779, "loss_rpn_cls": 0.6774242222309113, "loss_rpn_loc": 0.08807384595274925, "lr": 1.4685449999999998e-05, "mask_rcnn/accuracy": 0.5550009421382189, "mask_rcnn/false_negative": 0.313525787272155, "mask_rcnn/false_positive": 0.6202772690505083, "roi_head/num_bg_samples": 110.5, "roi_head/num_fg_samples": 17.5, "rpn/num_neg_anchors": 221.75, "rpn/num_pos_anchors": 34.25, "time": 0.8506588269999611, "total_loss": 2.4009087160229683}
{"eta_seconds": 1175.109796522757, "iteration": 98}
